id,target,laurin
23729,0,0.4463508613407612
2336,0,0.24702827259898186
6166,1,0.49551478028297424
15104,0,0.13074221462011337
6045,0,0.14188866317272186
20842,0,0.3206230513751507
14059,0,0.20754392445087433
16497,0,0.695358470082283
6849,1,0.29834481701254845
8975,0,0.12531430460512638
2820,0,0.3691585585474968
4656,0,0.16935672983527184
5926,0,0.3995557576417923
15571,0,0.26189764216542244
9608,0,0.26749299094080925
8136,0,0.23731086030602455
16347,0,0.20094289630651474
9615,0,0.13758359290659428
6925,0,0.13532200083136559
19976,0,0.15419023297727108
7473,0,0.21092863380908966
15335,0,0.14489259384572506
12508,0,0.16272874735295773
17114,1,0.3570745959877968
13839,0,0.1642900239676237
8214,0,0.36805736273527145
7672,0,0.27124009281396866
1026,0,0.2176801972091198
10878,0,0.24247046560049057
12103,0,0.27947189286351204
24149,0,0.1333736851811409
23957,0,0.2800133600831032
12260,0,0.2674136236310005
12162,0,0.1746666617691517
23656,0,0.17201475240290165
13625,0,0.3089401572942734
16972,0,0.4321436360478401
22806,0,0.4710410535335541
1539,0,0.21341949328780174
23996,0,0.2235385999083519
16686,0,0.4894639626145363
11162,0,0.25012971833348274
12689,0,0.3898148387670517
20037,0,0.13547304458916187
14313,0,0.5826963111758232
21511,0,0.4840855970978737
16923,0,0.5283260866999626
14326,0,0.13450000807642937
14283,0,0.19509245827794075
12419,0,0.22648479044437408
17171,0,0.18624988198280334
21439,0,0.5024544671177864
16233,1,0.18888034299016
17318,0,0.2761407792568207
13561,0,0.6286139115691185
7194,0,0.22308527678251266
23494,0,0.4656118154525757
6110,0,0.18417239375412464
3799,0,0.3589487820863724
12786,0,0.5126604586839676
4002,0,0.14849157631397247
22441,0,0.4504607692360878
10252,0,0.19674889743328094
11355,0,0.15415109880268574
10171,0,0.16086281463503838
7477,0,0.2834276668727398
16410,0,0.15290834940969944
1842,0,0.3626181297004223
20496,0,0.18772698566317558
15513,0,0.15667947754263878
22053,0,0.12479850463569164
10727,0,0.23039629496634007
11243,0,0.2800491154193878
19790,0,0.14599074609577656
2195,1,0.41874469071626663
1715,0,0.4393193945288658
18359,0,0.1343277096748352
2547,0,0.20691375248134136
18884,0,0.5655809417366982
22461,0,0.15905806422233582
1582,0,0.1689744908362627
13665,0,0.22639542445540428
10826,0,0.1866957824677229
3639,0,0.23489274084568024
9379,0,0.23334330692887306
11262,0,0.32284243777394295
6664,0,0.159993851557374
10854,0,0.3678417131304741
2844,0,0.46564704924821854
22569,0,0.18824580684304237
14829,0,0.1238738875836134
9556,0,0.14985698461532593
7263,0,0.13640429079532623
1279,0,0.12497206963598728
21085,0,0.261520117521286
11778,0,0.25797421857714653
9609,0,0.1480104811489582
16494,0,0.2764231376349926
17429,0,0.2804419994354248
10010,0,0.15886720269918442
18815,0,0.2310011051595211
15054,0,0.30666837096214294
13532,0,0.14601244404911995
12288,0,0.22271179035305977
20642,0,0.26537688076496124
10128,0,0.45879989117383957
24467,0,0.36941660195589066
3369,0,0.1653828639537096
4974,0,0.17804125510156155
2190,0,0.14161521196365356
14757,0,0.2070584036409855
9484,0,0.16676653362810612
22418,0,0.18963251635432243
14435,0,0.3600798547267914
11409,0,0.26150432229042053
7862,0,0.4621174931526184
20611,0,0.17618859559297562
15240,0,0.20198987424373627
12012,0,0.19776275753974915
7319,0,0.19925862923264503
6505,0,0.467870756983757
13995,0,0.25325753539800644
11062,0,0.14003443345427513
14304,0,0.5139483883976936
19077,0,0.13521934486925602
3935,0,0.31867867335677147
20544,0,0.1453268900513649
17080,0,0.19993111118674278
12053,0,0.19731633737683296
6610,0,0.3873230069875717
18273,0,0.24026472121477127
11929,0,0.3003584034740925
12421,0,0.23323267325758934
15218,0,0.22058724239468575
24809,0,0.4728730097413063
12001,0,0.4865294173359871
8535,0,0.2356036864221096
3526,0,0.15223386324942112
23544,0,0.2360083982348442
16071,0,0.17153829336166382
3360,0,0.42534352093935013
19178,0,0.34875835850834846
18693,0,0.13559109345078468
5749,0,0.4826190248131752
24992,0,0.241939939558506
22298,0,0.2581602372229099
20187,0,0.14868399873375893
22344,0,0.1806201934814453
23602,0,0.1446980219334364
23441,0,0.2276475504040718
1412,0,0.39417994022369385
8260,0,0.1903245635330677
568,0,0.1799459345638752
10174,0,0.506765678524971
3661,0,0.1695017945021391
22137,1,0.2443346232175827
20399,0,0.16027366183698177
14100,0,0.18156351149082184
437,0,0.13101356104016304
2861,0,0.3200421892106533
22950,0,0.5386993810534477
17231,0,0.25090936571359634
19407,0,0.146547956392169
13977,0,0.20151622779667377
6111,0,0.17412738129496574
777,0,0.20485199987888336
4554,0,0.4175094738602638
19482,0,0.11980077810585499
18267,0,0.2200050801038742
12062,1,0.2809801660478115
14426,0,0.4917646124958992
16594,0,0.17848126403987408
20182,0,0.33250656723976135
2816,0,0.394846074283123
15046,0,0.3864544630050659
24556,0,0.47683121263980865
20387,0,0.140400568023324
3602,0,0.25734708830714226
24825,0,0.2676052823662758
10227,1,0.14671029709279537
9397,0,0.32992518693208694
11428,0,0.29086408391594887
12563,0,0.1295496728271246
6607,0,0.30327384918928146
5862,0,0.3725289925932884
21051,0,0.13261336274445057
5383,0,0.40613043308258057
14835,0,0.20043310150504112
7470,0,0.13137162663042545
647,0,0.39062710106372833
9885,0,0.20788845047354698
15492,0,0.3957345187664032
24925,0,0.368936724960804
10540,0,0.29010649025440216
20178,1,0.18835840374231339
7770,0,0.14524157717823982
894,0,0.12206163629889488
17969,0,0.17189409956336021
24337,0,0.18642986379563808
17666,0,0.2042880691587925
17252,0,0.18424838222563267
2004,0,0.45311762392520905
10988,0,0.155640609562397
3868,0,0.15032876655459404
9722,0,0.3563539385795593
5645,0,0.6114071011543274
17399,0,0.18579141423106194
21462,0,0.20691243186593056
11360,1,0.3744899705052376
20060,0,0.23837200179696083
20897,0,0.567775048315525
21431,0,0.1681222002953291
15523,0,0.18561965972185135
11928,0,0.21932854130864143
9126,0,0.16291080974042416
18269,0,0.5384795442223549
13141,0,0.38563790172338486
3260,0,0.3730947747826576
5461,0,0.44358207285404205
24631,0,0.4022664502263069
7270,0,0.20540276542305946
10696,0,0.48587918281555176
13671,0,0.1870868317782879
2568,0,0.22854257747530937
14033,0,0.2831658124923706
17108,0,0.17698140442371368
5286,0,0.44510164111852646
23571,0,0.33908748999238014
3941,0,0.519907221198082
22907,0,0.18577784672379494
1329,0,0.1466017197817564
23319,0,0.24152375385165215
18616,0,0.18643701821565628
15381,0,0.3153892196714878
18385,1,0.220414400100708
18392,0,0.16969190910458565
7369,0,0.2518504448235035
1536,0,0.1989438757300377
1709,0,0.22276703640818596
711,0,0.435983307659626
20477,0,0.1353704035282135
19784,0,0.16213135421276093
5125,0,0.35398050397634506
17954,0,0.17258331924676895
6250,0,0.1729498766362667
5153,0,0.3273337073624134
17504,0,0.4705521687865257
11825,0,0.25455348938703537
18974,0,0.3456823192536831
4993,0,0.24055123701691628
18828,0,0.16584596037864685
3098,0,0.18799606710672379
9823,0,0.19571105763316154
10386,0,0.3177559822797775
18960,0,0.2789028659462929
9436,0,0.4378019645810127
4430,0,0.15928166545927525
22044,0,0.2175316885113716
14200,0,0.2641817405819893
17402,0,0.4381847158074379
9820,0,0.18477942049503326
17184,0,0.17902822047472
12004,0,0.6606685370206833
3309,0,0.410225972533226
3732,0,0.14240620657801628
13598,0,0.2728195935487747
24716,0,0.1702976655215025
480,0,0.2005455382168293
11930,0,0.47335489094257355
1504,0,0.16160526312887669
6420,0,0.17298661917448044
23661,0,0.33434484153985977
121,0,0.36770230531692505
4135,1,0.4884991943836212
23975,0,0.1421152837574482
17359,0,0.58157779276371
5249,0,0.5902524590492249
1008,0,0.1690572090446949
11308,0,0.1428056936711073
14300,0,0.17951126396656036
10509,0,0.18905025348067284
17217,0,0.31776735186576843
3836,0,0.1294338647276163
5355,0,0.22572868317365646
19300,0,0.39196693524718285
5636,0,0.12535394355654716
3544,0,0.17783205397427082
22625,0,0.168344983831048
12141,0,0.1790013238787651
17684,0,0.27055736631155014
7906,0,0.18721170350909233
11143,0,0.27001360058784485
21125,0,0.17007781751453876
15753,0,0.1721113696694374
13936,0,0.1721871979534626
19769,0,0.3712257966399193
13347,0,0.2472439780831337
6885,0,0.5581919550895691
14612,0,0.24140942469239235
20372,0,0.33185507729649544
19416,0,0.46188804507255554
21669,0,0.1482701674103737
10313,0,0.2440456971526146
20772,0,0.2873030938208103
17788,0,0.3981555625796318
24523,0,0.23512478917837143
16587,0,0.37180066853761673
6624,0,0.23965247347950935
20827,0,0.40057551860809326
11623,0,0.3007316514849663
13821,0,0.22404339537024498
5846,0,0.473687507212162
8585,0,0.12436587363481522
2165,0,0.3517967760562897
14455,0,0.13429022394120693
20347,0,0.48845861852169037
8092,0,0.20849466882646084
20266,0,0.28537291288375854
1483,0,0.27571798488497734
672,0,0.3026520609855652
9357,0,0.4252757504582405
2880,0,0.23720305413007736
18666,0,0.2781171016395092
18927,0,0.5192260444164276
425,0,0.19704235717654228
2876,0,0.16004901006817818
580,0,0.18985971808433533
18950,0,0.18631181493401527
16949,0,0.3773772269487381
24742,0,0.22347814589738846
7876,0,0.508202813565731
24136,0,0.23558169230818748
18010,0,0.44033239036798477
24077,0,0.17499909363687038
12295,0,0.2873866409063339
19886,0,0.4199221432209015
5437,0,0.15736119262874126
6621,0,0.23212826997041702
4669,0,0.42402408644557
4637,0,0.27065879851579666
21075,0,0.2263423204421997
11588,1,0.4207923710346222
11696,1,0.1363021545112133
17933,0,0.21827683970332146
9215,0,0.36087289452552795
5156,0,0.13493722304701805
22343,0,0.26318979263305664
326,0,0.26330920681357384
2970,0,0.31434521824121475
22987,0,0.14485123939812183
2905,0,0.1900391634553671
625,0,0.2505740076303482
23665,0,0.3588620349764824
5387,0,0.36701952666044235
24117,0,0.17045933194458485
13369,0,0.2533252686262131
8370,0,0.1796005479991436
16737,0,0.2659791186451912
25179,0,0.1762582417577505
1795,0,0.20638467371463776
13690,0,0.23439357802271843
12901,0,0.28806890919804573
23492,0,0.2194406632333994
1354,0,0.4424581155180931
18798,0,0.265891470015049
16794,0,0.152749540284276
14719,0,0.4315129518508911
22088,0,0.3058892711997032
14648,0,0.45673540979623795
5577,0,0.1395571045577526
3049,0,0.25416751950979233
14107,0,0.20589442737400532
2682,0,0.14266003482043743
12629,0,0.27611951902508736
16419,0,0.5265120640397072
10131,0,0.1712382771074772
8133,0,0.21393458172678947
1433,0,0.1990477368235588
9906,0,0.13187750428915024
16994,0,0.45411161333322525
23790,0,0.5723830759525299
8242,0,0.2558418847620487
5184,0,0.4864336997270584
23131,0,0.2573371008038521
8727,0,0.2774934582412243
19043,0,0.22776461765170097
16391,0,0.32001229748129845
12176,0,0.47613417357206345
16764,0,0.16897902637720108
4473,0,0.33409859240055084
16825,0,0.16039693541824818
8053,0,0.34284816309809685
5235,0,0.13630830869078636
28,0,0.33610332384705544
13095,0,0.38650691509246826
8636,0,0.4643854945898056
15439,0,0.4348342716693878
14091,0,0.19935279339551926
14058,0,0.3901873230934143
21175,1,0.24622737243771553
7182,0,0.2983825206756592
7967,0,0.14399227499961853
6993,0,0.5210448354482651
20003,0,0.18778664618730545
2927,0,0.19763147830963135
5796,0,0.14861701242625713
6438,0,0.22690189629793167
508,0,0.35990091040730476
21108,0,0.24981095269322395
20745,0,0.15143425203859806
15053,0,0.3254117779433727
20107,0,0.18679345771670341
549,0,0.18869416043162346
1234,0,0.18850816413760185
609,0,0.13919286616146564
7374,0,0.5183267369866371
19586,1,0.4327702447772026
10912,0,0.2858392037451267
17103,0,0.33973171561956406
9860,0,0.3981826677918434
21917,0,0.12743059173226357
2839,0,0.14011017605662346
20238,0,0.19039373844861984
111,0,0.1409800462424755
14983,0,0.18864797800779343
408,0,0.22672467306256294
17066,0,0.20200420916080475
20607,0,0.45303624123334885
17040,0,0.2361934408545494
3534,0,0.49522481858730316
15472,0,0.4479600489139557
12185,0,0.18662681803107262
20443,0,0.1385021824389696
11648,0,0.1510909739881754
24511,0,0.19093181192874908
4085,0,0.4747936949133873
23405,0,0.18085448816418648
19518,0,0.1680544763803482
456,0,0.14393200725317
23574,0,0.14633118361234665
9521,0,0.3727341443300247
8039,0,0.23899796977639198
7892,0,0.326425913721323
10235,0,0.2351282835006714
20985,1,0.30809155479073524
22333,0,0.22391723468899727
19263,0,0.23217977583408356
17734,0,0.28135955333709717
7978,0,0.30657655745744705
6685,0,0.18123171664774418
17369,0,0.2987401485443115
17203,0,0.42145954817533493
6242,0,0.7981857657432556
18904,0,0.16618753783404827
4224,0,0.3342268355190754
479,0,0.33869585394859314
10629,0,0.16641027852892876
9028,0,0.2163393348455429
22854,0,0.2411530613899231
25205,0,0.260071836411953
10796,0,0.13723435439169407
22215,0,0.2858824357390404
4223,0,0.312157966196537
20312,0,0.28504257649183273
13239,0,0.44723254442214966
10300,0,0.3177386075258255
7939,0,0.1892070472240448
14509,0,0.14981966651976109
20596,0,0.42287878692150116
20939,0,0.20801005885004997
6190,0,0.3021404333412647
17990,0,0.4572577029466629
19190,0,0.3970402292907238
21938,0,0.14951268956065178
16739,0,0.23868314549326897
8614,0,0.4455990344285965
1578,0,0.3323310427367687
6342,0,0.3212169036269188
20789,0,0.13627090118825436
9761,0,0.16416437551379204
12839,0,0.5267051011323929
11546,0,0.1384871881455183
20197,0,0.4762527346611023
15488,0,0.4376428574323654
13775,0,0.3310291953384876
22108,0,0.20648662373423576
2570,0,0.2510697804391384
14192,0,0.29594457149505615
16326,0,0.13987120427191257
7106,0,0.39083437621593475
3767,0,0.2630914971232414
13355,0,0.46613824367523193
7860,0,0.2458994761109352
11523,1,0.43314311653375626
6412,0,0.19719389453530312
22566,0,0.18420361168682575
23479,0,0.4622296169400215
1336,0,0.1331526804715395
5196,0,0.14988510683178902
11054,0,0.12846580520272255
2062,0,0.34721337258815765
2773,0,0.39547113329172134
21310,0,0.35892364010214806
23840,0,0.3097079284489155
13034,0,0.15196974202990532
5705,0,0.36422522366046906
1261,0,0.25504418835043907
14766,0,0.21232761442661285
18694,0,0.6365083232522011
23281,0,0.139230627566576
9176,0,0.1845914162695408
11636,0,0.3062082268297672
2169,0,0.17294344678521156
21718,0,0.1653455849736929
4500,0,0.30505992099642754
7507,0,0.32161345332860947
11670,0,0.19135655835270882
16274,0,0.4390321634709835
24633,0,0.25913500785827637
23951,1,0.3145243115723133
12388,0,0.34599898010492325
7739,0,0.5648186579346657
22473,0,0.26961471885442734
9894,0,0.24581432342529297
8862,0,0.23810328170657158
4697,0,0.5188027620315552
17126,0,0.13731574267148972
22150,0,0.17396015487611294
21887,0,0.12837902829051018
5610,0,0.27202019840478897
22933,0,0.27619944885373116
6759,1,0.1763082966208458
5217,0,0.25114670768380165
18286,0,0.3992268517613411
9924,0,0.14807073399424553
313,0,0.3861815184354782
6702,0,0.14556587673723698
12413,0,0.33096860349178314
1141,0,0.4525630548596382
24070,0,0.1728217825293541
10433,0,0.4411180689930916
19567,0,0.1464584618806839
10263,0,0.4204096272587776
854,1,0.32043619081377983
22085,0,0.2560458853840828
23260,0,0.16760409995913506
11955,1,0.6013120338320732
7033,0,0.20535370334982872
19298,0,0.12138596177101135
17225,0,0.13319727592170238
7578,0,0.1681927740573883
11277,0,0.2631520815193653
20559,0,0.23845262452960014
23323,0,0.22433115541934967
20206,0,0.2355055883526802
23575,0,0.19300327822566032
3728,0,0.22001700475811958
3027,0,0.18145139515399933
14190,0,0.39973025023937225
7689,0,0.18437697738409042
12778,0,0.14400449767708778
9243,0,0.17795433104038239
17567,0,0.3928564190864563
20517,0,0.278017271310091
17520,0,0.2564935125410557
11917,0,0.19282779842615128
99,0,0.38349781185388565
24508,0,0.4792245924472809
25199,0,0.36215316876769066
24336,1,0.15808060392737389
22140,0,0.22557834535837173
2389,0,0.3968229964375496
25114,0,0.3364255651831627
10693,0,0.13118999637663364
319,0,0.277650136500597
24616,0,0.13189768604934216
21529,0,0.40576305985450745
13845,0,0.32922083511948586
13894,0,0.38382677733898163
5455,0,0.38677601516246796
3466,0,0.13700301572680473
22195,0,0.4636104553937912
8806,0,0.3525877669453621
18211,0,0.5252387225627899
1792,0,0.3167153373360634
5223,0,0.14526477456092834
6235,0,0.3550199344754219
3341,0,0.1745740957558155
17091,0,0.19126927107572556
24722,0,0.44175969809293747
6583,0,0.2021859586238861
6498,0,0.261780995875597
20750,0,0.29705070704221725
4242,0,0.14519920945167542
24194,0,0.34793219342827797
11527,0,0.23250458016991615
9353,0,0.15916449017822742
13330,0,0.3086625747382641
18026,0,0.26861752942204475
3878,0,0.16875435411930084
399,0,0.13011031784117222
7088,0,0.16571392491459846
10453,0,0.15854116529226303
13096,0,0.15537036769092083
20190,0,0.2937103323638439
23083,0,0.15411602146923542
16083,0,0.42626550793647766
2313,0,0.30062390491366386
17342,0,0.17800990864634514
19147,0,0.2668004669249058
11074,0,0.14049901068210602
7129,0,0.17250876873731613
24127,0,0.22659263014793396
19490,0,0.3473013825714588
7329,0,0.2223443239927292
11899,0,0.1314551830291748
13124,0,0.21760812029242516
6545,0,0.5008615702390671
12651,0,0.25789711624383926
21316,0,0.2862389385700226
14690,1,0.4338143318891525
4518,0,0.15641803666949272
18547,0,0.22527606412768364
18862,0,0.1591958235949278
12662,0,0.48450975120067596
24171,0,0.5004352107644081
16971,0,0.48583633452653885
116,0,0.2631141059100628
10152,1,0.16038358584046364
465,0,0.12347976863384247
15207,0,0.3590951897203922
19017,0,0.5487939864397049
19895,0,0.1312771700322628
17148,0,0.3455766476690769
17999,0,0.1562230158597231
7809,0,0.2958509922027588
11050,0,0.5545282736420631
16666,0,0.2000216841697693
17943,0,0.47969861328601837
3522,0,0.1526373252272606
21551,0,0.4078865274786949
20816,0,0.3913430795073509
23234,0,0.13695687055587769
25092,0,0.3021438717842102
1221,0,0.1662953905761242
2994,0,0.16773846372961998
5478,0,0.28032703697681427
17002,0,0.13480215892195702
19720,0,0.19861987605690956
17988,0,0.2786487117409706
370,0,0.5700976774096489
6281,0,0.13782761804759502
20908,1,0.25796157494187355
12656,0,0.21335963904857635
23904,0,0.35832324624061584
21052,0,0.13764887675642967
15425,0,0.15166893787682056
14498,0,0.3650035858154297
17438,0,0.23326165974140167
3142,0,0.22718112915754318
1738,0,0.2906503826379776
8326,0,0.49425438791513443
14340,0,0.2699769102036953
14247,0,0.3291928879916668
16064,0,0.13902531377971172
19857,0,0.1751565132290125
17014,0,0.3365129940211773
15676,0,0.3868190757930279
9510,0,0.1507131326943636
23186,1,0.2136470079421997
11735,0,0.24298999458551407
20572,0,0.13570902310311794
2378,0,0.4127475693821907
18969,0,0.16563161090016365
16421,0,0.3102084547281265
4731,0,0.5563843846321106
7676,0,0.15828106179833412
21808,0,0.4165308400988579
11298,0,0.19528237730264664
17312,0,0.20936240628361702
22734,0,0.301163662225008
3403,0,0.19873299822211266
11014,0,0.38055916130542755
1478,0,0.3962524011731148
20879,0,0.4780021458864212
18957,0,0.41138262301683426
19080,0,0.5201459527015686
6076,0,0.4267445355653763
17829,0,0.24144329875707626
19875,0,0.38143185526132584
5263,0,0.14289890974760056
3762,0,0.3008827529847622
22269,0,0.18949208967387676
16451,0,0.28009265661239624
13500,0,0.14122535474598408
7484,0,0.31935611739754677
19164,0,0.4634595289826393
15130,1,0.3479449562728405
4468,0,0.1445251014083624
9987,0,0.16328969411551952
3892,0,0.47401925176382065
15201,0,0.2561720609664917
11288,0,0.33494583517313004
13982,0,0.22755542770028114
6424,0,0.13842163980007172
15042,0,0.15083299949765205
14445,0,0.22299734875559807
10179,0,0.1548159308731556
13181,0,0.17858541011810303
19597,0,0.38095035403966904
1460,0,0.2713620103895664
3494,0,0.2905724011361599
5101,0,0.44010332226753235
20814,0,0.33451787009835243
24006,0,0.20969012007117271
22821,0,0.3456423282623291
17512,0,0.5615711733698845
24394,1,0.552796483039856
14666,0,0.19654390960931778
639,0,0.18323056027293205
1729,0,0.1312265619635582
17376,0,0.3162662498652935
5726,0,0.24780186638236046
21999,0,0.43855560570955276
18320,0,0.46159468591213226
20173,0,0.15405116230249405
21779,0,0.32299829646945
2525,0,0.271005492657423
22570,0,0.17428229935467243
17725,0,0.45005257427692413
11068,0,0.2044247891753912
20790,0,0.26292645931243896
22915,0,0.34474075585603714
15148,0,0.4942461773753166
18823,0,0.24085990339517593
23416,0,0.26883111894130707
12800,0,0.49319375306367874
14712,0,0.16790472343564034
22568,0,0.18737973272800446
17622,0,0.19272944331169128
13772,0,0.21312376484274864
10610,0,0.3030225522816181
8423,0,0.18395311757922173
3884,0,0.16317322105169296
15606,0,0.2695753276348114
2700,0,0.12824515253305435
24485,0,0.13275662064552307
95,0,0.36868736892938614
16056,0,0.4461394175887108
7478,0,0.14315753988921642
21728,0,0.22448204830288887
1774,0,0.4024967700242996
18351,0,0.3983156457543373
9555,0,0.35231200605630875
611,0,0.23157832771539688
23718,0,0.18214954435825348
17981,0,0.22968245670199394
11620,0,0.1633998081088066
11727,0,0.2205471619963646
3181,0,0.5293189585208893
9926,0,0.36080024018883705
3192,0,0.15942739695310593
15714,0,0.2154330313205719
21372,0,0.4760851487517357
3634,0,0.24502800777554512
17741,0,0.2840932421386242
1815,0,0.2553461156785488
8831,0,0.22781609743833542
10639,0,0.3061206638813019
15689,0,0.18891197629272938
1525,0,0.2592681273818016
20603,0,0.12581360712647438
23259,0,0.1891152560710907
11971,0,0.17858385853469372
17528,0,0.41794905811548233
10451,0,0.30678845196962357
24241,0,0.2818576619029045
24040,0,0.2947859913110733
585,0,0.22384337708353996
17786,0,0.4771648645401001
3766,0,0.14895112439990044
13668,0,0.20289795100688934
5524,0,0.36927345395088196
13700,0,0.38557443022727966
11801,0,0.4069867581129074
1346,0,0.4324900358915329
1519,0,0.1271398738026619
17140,0,0.13170424476265907
14831,0,0.13259336724877357
16513,0,0.6157508119940758
2860,0,0.3000354655086994
2959,0,0.5303509831428528
15388,0,0.14722613990306854
10671,0,0.2779870480298996
14068,0,0.4931633993983269
11152,0,0.36242929100990295
14803,0,0.2702017091214657
11307,0,0.502972237765789
10376,0,0.33339428156614304
2826,0,0.18570685759186745
10105,0,0.4754859656095505
9062,1,0.4227907247841358
24370,1,0.5091197639703751
9925,0,0.1274878866970539
6410,0,0.6096386685967445
5745,0,0.26183172315359116
5473,0,0.1339547261595726
14229,0,0.1253464873880148
10357,0,0.13464912958443165
15000,0,0.4253533408045769
10907,0,0.14172017015516758
22134,0,0.1229549553245306
23582,0,0.35759492963552475
16505,0,0.2505856081843376
2849,0,0.44296763092279434
18915,0,0.3017856664955616
12377,0,0.2549223266541958
1046,0,0.23518333211541176
17912,0,0.3034719005227089
20458,1,0.26075609773397446
9669,0,0.26517993584275246
5164,0,0.48978687822818756
7051,0,0.1359640769660473
4259,0,0.4518890157341957
21571,0,0.1950298212468624
11287,0,0.1729861944913864
18841,0,0.13433100655674934
13689,0,0.46087614446878433
18082,0,0.23063939064741135
12177,0,0.47971339523792267
441,0,0.22840213030576706
13317,0,0.2623950242996216
23692,0,0.1498896423727274
9147,0,0.17785609886050224
7203,0,0.4767952188849449
5540,0,0.13827023468911648
7445,0,0.5163644030690193
11730,0,0.4528506472706795
3200,0,0.23414960503578186
8936,0,0.2834288142621517
10503,0,0.2164514660835266
19566,0,0.3351604640483856
23113,0,0.5285853743553162
3190,0,0.40975139290094376
20063,0,0.3401850759983063
8460,0,0.298007495701313
10270,0,0.3624451979994774
20376,0,0.37529174238443375
8000,0,0.19397751614451408
563,0,0.23400917276740074
1899,0,0.16529718413949013
22662,0,0.2078668586909771
4042,0,0.642390638589859
24727,0,0.37520889937877655
1752,0,0.18867341615259647
3500,0,0.21579905971884727
16305,1,0.12510558031499386
15912,0,0.22144442424178123
10852,0,0.5168209448456764
25003,0,0.5225021690130234
6444,0,0.5832731500267982
22790,0,0.2758931294083595
20110,0,0.33346861600875854
20733,0,0.3154902271926403
23682,0,0.43641653656959534
107,1,0.18236057460308075
19896,0,0.37656260281801224
10747,0,0.15024067647755146
16109,0,0.1555996760725975
23512,0,0.20575401559472084
90,0,0.37639594450592995
1861,0,0.313935998827219
12231,0,0.13722802884876728
20119,0,0.19895003363490105
10353,0,0.47891543060541153
14002,0,0.30172403156757355
21513,0,0.431790255010128
22254,0,0.13475997373461723
1111,0,0.21135878190398216
328,0,0.2367212437093258
9757,0,0.2704128623008728
18302,0,0.37996944412589073
7540,0,0.12815681099891663
3747,0,0.19680040329694748
12521,0,0.38054344803094864
13243,0,0.4873957633972168
20989,0,0.3302285075187683
3333,0,0.27878449484705925
18619,0,0.24527131393551826
21860,0,0.32108956947922707
13016,0,0.14361206628382206
22609,0,0.16735437884926796
18408,0,0.29909274727106094
14649,0,0.3981916606426239
12515,0,0.3788548409938812
16478,0,0.203643050044775
21946,0,0.4466662183403969
20951,0,0.2733741067349911
4282,0,0.14997417107224464
17607,0,0.239277683198452
8063,0,0.1890366356819868
23454,0,0.19753388687968254
7388,0,0.45568766444921494
15156,0,0.26641060784459114
19012,0,0.48351315408945084
17027,0,0.36293551325798035
21998,0,0.285320445895195
16966,0,0.2738543972373009
25180,0,0.19529864564538002
16936,0,0.3555688001215458
18047,0,0.49034682661294937
18582,0,0.2306114248931408
11984,0,0.3484666980803013
15157,0,0.2950369790196419
4688,0,0.24116160720586777
1096,0,0.16212961077690125
24947,0,0.17641758918762207
25167,0,0.22120359167456627
5265,0,0.2389061413705349
18439,0,0.2685035355389118
7023,0,0.14713596925139427
8368,0,0.20549966022372246
21985,0,0.12997639551758766
9893,0,0.3355547748506069
16390,0,0.15547127835452557
1303,0,0.2606624364852905
4804,0,0.12454774044454098
2775,0,0.3508453443646431
14980,0,0.22754519060254097
3274,0,0.37960483878850937
14947,0,0.5295736193656921
11027,0,0.37743352726101875
6178,0,0.2931993082165718
14133,0,0.5814919099211693
9921,0,0.2496851235628128
21282,0,0.3463921472430229
24231,0,0.23472960293293
2181,0,0.13099992275238037
74,0,0.4190923646092415
21805,0,0.2448837235569954
19221,0,0.2176896408200264
24123,0,0.5189256817102432
22320,0,0.288266334682703
15560,0,0.42497050017118454
17643,0,0.22015175223350525
4101,0,0.16219139657914639
20237,0,0.26578521355986595
9125,1,0.16363615170121193
6330,0,0.16234776191413403
19434,0,0.5019398331642151
13641,0,0.14924078434705734
17517,0,0.1353266779333353
10479,0,0.3348752111196518
22661,0,0.5745516121387482
15819,0,0.2367175966501236
19897,0,0.21443086862564087
13608,0,0.24733208119869232
14905,0,0.14720747247338295
24499,0,0.3529491648077965
24471,0,0.36325013637542725
15579,0,0.349263571202755
14961,0,0.22428370267152786
11710,0,0.24551763385534286
984,0,0.4768003523349762
19203,0,0.20318661630153656
4771,0,0.41692622005939484
9410,0,0.3111349679529667
3314,0,0.17489956319332123
12027,0,0.3018779493868351
14185,0,0.3114774748682976
15535,0,0.14306322298943996
5603,0,0.39904526993632317
14420,0,0.3533182367682457
24649,0,0.14015982672572136
3931,0,0.4964335411787033
20160,0,0.41597073525190353
15622,0,0.23499471694231033
15940,0,0.1979854553937912
2298,0,0.14506829902529716
20228,0,0.18513675406575203
9154,0,0.36449724063277245
5303,0,0.184127327054739
19376,0,0.14765002392232418
10180,0,0.16811583749949932
24587,0,0.212072366848588
3727,0,0.33047305420041084
8093,0,0.3860733360052109
21927,0,0.2117251381278038
18400,0,0.13032286800444126
22388,0,0.1294006872922182
12952,0,0.39155271649360657
22692,0,0.17997273057699203
22519,0,0.2489360272884369
729,0,0.2681361958384514
4210,0,0.1340922098606825
23541,0,0.13695930875837803
6824,0,0.4928869977593422
17628,0,0.3036687821149826
20431,1,0.46626463532447815
9392,0,0.5105827823281288
3987,1,0.24358758330345154
5372,0,0.15149398893117905
13969,0,0.1726885288953781
6085,0,0.2375337779521942
19179,0,0.5382802486419678
16424,0,0.3812127895653248
4239,0,0.14019182324409485
10688,0,0.328420665115118
3174,0,0.36797700822353363
23325,0,0.7607903778553009
21608,1,0.42975784838199615
6532,0,0.4256570115685463
8635,0,0.1847890354692936
2806,0,0.18695081770420074
712,0,0.14253370836377144
10870,0,0.20324689149856567
14368,0,0.3222980238497257
346,0,0.3760288767516613
17978,0,0.4912254214286804
61,0,0.2871716693043709
18759,0,0.4492352604866028
1082,0,0.21975502744317055
21427,0,0.33835824951529503
11793,0,0.2563048489391804
16358,0,0.23502032831311226
17265,0,0.4322124347090721
6605,0,0.37307458370923996
9037,0,0.14301620237529278
4721,0,0.12751409597694874
14449,0,0.22200524434447289
9566,0,0.31001171842217445
17110,0,0.38842832297086716
8934,0,0.24944055825471878
1408,0,0.13607979379594326
10983,0,0.4248063862323761
23293,0,0.25940242782235146
1490,0,0.3337767943739891
19505,1,0.47002599388360977
2304,0,0.26460448652505875
17951,0,0.29081081971526146
5302,0,0.13558013178408146
9423,0,0.13528612069785595
495,0,0.23323055356740952
16360,0,0.2793135493993759
14043,0,0.357853788882494
22766,0,0.172514908015728
7681,0,0.17064658179879189
12965,0,0.1367412880063057
1998,0,0.1751005593687296
6286,0,0.1598951816558838
6825,0,0.3702123984694481
9453,0,0.19799509271979332
23015,0,0.34724654257297516
48,0,0.24592328444123268
22052,0,0.1972632184624672
93,0,0.15196462906897068
20793,0,0.19391174986958504
9902,1,0.30739280954003334
21061,0,0.18569869175553322
13255,0,0.36647482216358185
23636,0,0.3405814357101917
18313,0,0.22276176512241364
9717,0,0.14158501103520393
1443,0,0.5934939682483673
7516,0,0.17478802427649498
648,0,0.5195160210132599
5403,0,0.3014248348772526
20172,0,0.1270577237010002
15151,0,0.20683962106704712
23384,0,0.16947797685861588
18985,0,0.4158467575907707
10703,0,0.21960469707846642
11086,0,0.2117796167731285
22211,0,0.14167968183755875
16582,0,0.22937610372900963
16601,0,0.2145537044852972
15145,0,0.24728581309318542
18379,0,0.4329737424850464
6797,0,0.33326681330800056
16385,0,0.39541998505592346
8158,0,0.17035027034580708
15379,0,0.26137547940015793
19911,0,0.18125031143426895
23848,0,0.1754489243030548
11141,0,0.4287998303771019
20083,0,0.36648667603731155
1076,0,0.1789979413151741
21449,0,0.2228221483528614
7759,0,0.2502141445875168
10264,0,0.12617091834545135
15634,0,0.21300677582621574
6660,0,0.20095649361610413
5182,0,0.42175378650426865
18396,0,0.434975303709507
24713,0,0.16868163831532001
18614,0,0.43045755475759506
870,0,0.20396985858678818
5510,0,0.16722501441836357
17950,0,0.1998879238963127
9479,0,0.35976432263851166
20617,0,0.18125740066170692
13843,0,0.5478626117110252
20022,0,0.22279265522956848
24676,0,0.21047084964811802
9174,0,0.1658591330051422
13743,0,0.1588944997638464
4676,0,0.16764004528522491
4399,0,0.16789229027926922
350,0,0.2687612697482109
3638,0,0.16663611307740211
14808,0,0.47181129455566406
23172,0,0.1320404578000307
13469,0,0.29807642474770546
5833,0,0.3119361661374569
10335,0,0.33683985099196434
18473,0,0.44912032037973404
9691,0,0.30078723281621933
7658,0,0.5246510654687881
13466,0,0.20912937074899673
1650,0,0.4032368063926697
23614,0,0.15748526901006699
14637,0,0.12615442462265491
14332,0,0.3904747888445854
11077,0,0.29929254204034805
15528,0,0.12478077225387096
4832,0,0.2663796544075012
2325,0,0.23195872455835342
13135,0,0.15652505680918694
16325,0,0.1266018133610487
11540,0,0.5154415890574455
8951,0,0.19797244295477867
18202,0,0.15625262819230556
3044,0,0.5909428298473358
21149,0,0.356613602489233
21350,0,0.24312011897563934
17350,0,0.18779562413692474
23378,0,0.19933588057756424
23546,1,0.5126425996422768
10666,0,0.2041533663868904
4939,0,0.4684998393058777
5511,0,0.17854833416640759
1629,0,0.17568356916308403
17663,0,0.17438569851219654
18789,0,0.15219112671911716
6653,0,0.3602144718170166
9528,0,0.39704180508852005
1872,0,0.4313053712248802
20871,0,0.1680437233299017
14204,0,0.3245198279619217
5800,0,0.42188770323991776
8486,0,0.15214706771075726
20456,0,0.1658221110701561
24935,0,0.5009080618619919
6602,0,0.24722374975681305
921,0,0.3254569582641125
5560,0,0.23266158252954483
5794,1,0.46462390571832657
15619,0,0.37226254492998123
11491,0,0.2284369096159935
14671,0,0.22141805291175842
8188,0,0.2890005148947239
11332,0,0.15479125268757343
389,0,0.24301589652895927
17657,0,0.5364124998450279
13703,0,0.2187112383544445
14521,0,0.13816908933222294
12703,0,0.21305986493825912
10466,0,0.2896810621023178
378,0,0.35818788781762123
16619,0,0.46078213304281235
5556,0,0.25766731798648834
23993,0,0.3651838004589081
5099,0,0.1694438774138689
15542,0,0.3013128936290741
9267,0,0.18457474932074547
15007,1,0.4895664155483246
24160,0,0.18541767448186874
11254,0,0.18646786734461784
22902,0,0.14412911050021648
24515,0,0.37228168174624443
24562,0,0.23547274991869926
18692,0,0.22398826107382774
4742,0,0.43641243129968643
11165,0,0.19159701094031334
12753,0,0.3635372146964073
22847,0,0.37396353855729103
18070,0,0.4373601898550987
22205,0,0.25886161997914314
11249,0,0.5668666958808899
13852,0,0.2463109828531742
10557,0,0.1518263090401888
3084,0,0.29279687255620956
17383,0,0.212585236877203
6601,0,0.39684760570526123
23997,0,0.17869510874152184
6887,0,0.35413985326886177
9941,0,0.3577191196382046
24055,0,0.23194288834929466
15748,0,0.38916872441768646
15028,0,0.15956658869981766
21303,0,0.259646937251091
4561,0,0.19854152016341686
14738,0,0.4226588159799576
20735,0,0.4687373638153076
23368,0,0.5764364376664162
6144,0,0.21593056991696358
18358,0,0.4066329039633274
15538,0,0.21284570544958115
24635,0,0.45391716063022614
10701,1,0.24395716935396194
10127,0,0.24640149250626564
8788,0,0.5029280111193657
17682,0,0.19433429837226868
19844,0,0.2001456432044506
12768,0,0.2254248559474945
18133,0,0.1799779962748289
2433,0,0.4560169354081154
17209,0,0.4372999221086502
9526,0,0.17629648186266422
9447,0,0.391974501311779
11323,0,0.4615786448121071
3594,0,0.1631307378411293
25036,0,0.19602635130286217
25005,0,0.28185078129172325
13070,0,0.14869472943246365
1671,0,0.5063574463129044
17444,0,0.2194056585431099
3920,0,0.5597931891679764
23426,0,0.1708144824951887
7733,0,0.1669975146651268
24487,0,0.3351591005921364
4245,0,0.6647256165742874
6450,0,0.2668699026107788
17571,0,0.2372761219739914
24648,0,0.42866095155477524
22892,0,0.1636563464999199
1333,0,0.15288877673447132
13674,0,0.20653760433197021
2770,0,0.31107347458601
24640,0,0.18622766807675362
5216,0,0.22437072917819023
16328,0,0.3102431781589985
22266,0,0.14395873807370663
7780,0,0.14260139875113964
4522,0,0.18024331331253052
1983,0,0.16368302889168262
7235,0,0.35870665311813354
16354,0,0.24544425308704376
12207,0,0.3134780153632164
16270,0,0.21984067931771278
16716,0,0.31281791627407074
4808,0,0.3964884877204895
18206,0,0.17342033982276917
18107,0,0.3746524751186371
18399,0,0.12972097098827362
25127,0,0.24603557214140892
23717,0,0.22380273044109344
19693,0,0.3728612810373306
21670,0,0.360283225774765
24516,0,0.20175684615969658
21077,0,0.354766383767128
5340,0,0.2717664875090122
11121,0,0.2899003177881241
6520,0,0.28414225205779076
23207,1,0.2470402680337429
20863,0,0.1224970817565918
24359,0,0.3615132085978985
13483,0,0.5609643459320068
8069,0,0.309874065220356
18515,0,0.48342230170965195
14383,0,0.13047161884605885
12440,0,0.14076536521315575
14318,0,0.13956382870674133
19802,0,0.3735734149813652
22516,0,0.14602916687726974
19379,0,0.20219732075929642
1555,0,0.18536215275526047
2948,0,0.1399366855621338
3956,0,0.3602134436368942
10017,0,0.23516010865569115
9402,0,0.14882014691829681
15612,0,0.205687265843153
24547,0,0.5313250198960304
20903,0,0.4458770453929901
11816,0,0.2802557684481144
20508,0,0.2391280047595501
14915,0,0.17574771493673325
4096,0,0.5981435552239418
12706,0,0.1768789440393448
15141,0,0.18390193954110146
23202,0,0.22018424794077873
12029,0,0.5128853470087051
8016,0,0.14121737517416477
9367,0,0.1419256590306759
13411,0,0.19920539483428001
20722,0,0.44366586953401566
10657,0,0.28747721388936043
17679,0,0.1852957308292389
14864,0,0.16661941073834896
4454,0,0.4012969955801964
7364,0,0.31649839133024216
14245,0,0.24803652241826057
23935,0,0.19332436844706535
4107,0,0.17377318255603313
16939,0,0.3720073103904724
24111,0,0.19382069073617458
13417,0,0.2400067262351513
17354,1,0.4529101476073265
23855,0,0.611803375184536
12453,0,0.22127287089824677
4123,0,0.5078842639923096
11412,0,0.2507600896060467
12080,0,0.1761198304593563
13127,0,0.3702718988060951
1067,0,0.24893203005194664
5482,1,0.7441901564598083
4274,0,0.2338714897632599
1377,0,0.13223208859562874
17249,0,0.5276259854435921
24100,0,0.1812983863055706
8823,0,0.23374561220407486
19834,0,0.5244795009493828
24605,0,0.4189162850379944
22043,0,0.24641532823443413
12973,0,0.3904264606535435
25241,0,0.17894377373158932
23377,0,0.4276077300310135
8569,0,0.3156668357551098
20427,0,0.1311793401837349
21166,0,0.30783743411302567
14061,0,0.15984748303890228
4068,0,0.17317180149257183
24199,0,0.353836502879858
10934,0,0.20963752642273903
6227,0,0.1381093692034483
599,1,0.22198718041181564
18674,0,0.43322981148958206
12330,0,0.2958526872098446
21813,0,0.24630960077047348
104,0,0.13668010383844376
17015,0,0.1732667125761509
5572,0,0.14374043233692646
10677,1,0.26663464307785034
21988,0,0.3959740549325943
22577,0,0.41441604495048523
24047,0,0.42320241779088974
24712,0,0.3849218860268593
19350,0,0.4790244773030281
829,0,0.3870963975787163
13701,0,0.36612097173929214
17984,0,0.34837933629751205
6902,0,0.19210482574999332
11890,0,0.3129778541624546
2222,0,0.16609839163720608
7902,0,0.3400704748928547
10608,0,0.4427233040332794
4558,0,0.5242092534899712
11684,0,0.20980285853147507
6546,0,0.2346210479736328
6117,0,0.335647813975811
21391,0,0.13126813061535358
9061,0,0.3761036992073059
5215,0,0.1899491883814335
7638,0,0.17811801843345165
12691,0,0.17066355049610138
20704,0,0.18993819132447243
22638,0,0.35725419595837593
1138,1,0.16928797960281372
11775,0,0.24192674085497856
22129,0,0.3525480553507805
7264,0,0.15227274224162102
9296,0,0.2027788683772087
17502,0,0.17304314486682415
1964,0,0.16189352795481682
8649,0,0.15034526772797108
3803,0,0.24236192926764488
6744,0,0.19718749448657036
21365,0,0.34751007333397865
10755,0,0.22963881120085716
584,0,0.22515492886304855
1381,0,0.3568633235991001
21056,0,0.3831685036420822
2938,0,0.16190595366060734
8850,0,0.40826762467622757
478,0,0.1240704394876957
7827,0,0.3060697875916958
8213,0,0.24185281619429588
13017,0,0.17626364156603813
4583,0,0.4348694831132889
3484,0,0.2939746491611004
18031,0,0.19567522779107094
7474,0,0.23214245587587357
24401,0,0.40280792862176895
12644,0,0.4448297545313835
19667,0,0.2518177814781666
17210,0,0.35077162832021713
11695,0,0.12283343635499477
125,1,0.3488009423017502
23576,0,0.40130261704325676
23565,0,0.1579719725996256
14103,0,0.13024229556322098
22721,0,0.24528615176677704
10760,0,0.1652016043663025
4604,0,0.21605834737420082
14817,0,0.294226735830307
15489,0,0.3639892414212227
10061,0,0.3616380989551544
18018,0,0.31421857699751854
16921,0,0.21988042071461678
16911,0,0.2643536180257797
21050,0,0.1456567794084549
18662,0,0.14196932315826416
11553,0,0.2012008186429739
7766,0,0.3265831656754017
3019,0,0.13087652996182442
15081,0,0.35237282142043114
2727,0,0.37778039276599884
8489,0,0.25080955028533936
16538,0,0.35852017998695374
22795,0,0.287463691085577
19230,0,0.15756379626691341
2911,0,0.31046194583177567
18959,0,0.30965806916356087
20632,0,0.1851543691009283
22071,0,0.317365575581789
15126,0,0.5033378675580025
2290,0,0.3377149775624275
18882,0,0.39041928201913834
20609,0,0.36184266209602356
10261,0,0.18548166379332542
5512,0,0.5004008784890175
17791,0,0.25087127834558487
11398,0,0.15758197754621506
17468,0,0.2686592899262905
22342,0,0.2780676856637001
9674,0,0.14916195906698704
375,0,0.3994588330388069
6784,0,0.4606207311153412
13545,0,0.561638705432415
22717,0,0.23627591133117676
7298,0,0.13553118892014027
3307,0,0.2761153616011143
18244,0,0.1974778212606907
14123,0,0.1315007582306862
15095,0,0.2472328133881092
3871,0,0.2238270416855812
20818,0,0.15695327147841454
3312,0,0.16568518616259098
21807,0,0.20872553065419197
17480,0,0.5838018357753754
15038,0,0.3975164368748665
1017,0,0.19797774776816368
1028,0,0.1623833142220974
8840,0,0.2341146543622017
11059,0,0.19213080033659935
10979,0,0.17325200326740742
8301,0,0.17845650762319565
4838,0,0.38113074004650116
8238,0,0.1653710026293993
22172,0,0.2773864232003689
18058,0,0.24299436807632446
21105,0,0.24341165274381638
12002,0,0.18750306218862534
14576,0,0.2243868000805378
17278,0,0.2276005856692791
10859,0,0.32312559336423874
451,0,0.23752626031637192
7216,0,0.3836468905210495
18442,1,0.3591117858886719
9564,0,0.39146245270967484
19892,0,0.4442686066031456
922,0,0.49407390505075455
8343,0,0.4241587594151497
17838,0,0.4951041415333748
9301,0,0.20441877841949463
16616,0,0.2376348339021206
23200,0,0.3156489431858063
21541,0,0.4008313864469528
1069,0,0.1906096152961254
11535,0,0.19236255064606667
6299,0,0.4862368628382683
548,0,0.28548502177000046
4800,0,0.13101277500391006
12646,0,0.48209020495414734
12693,0,0.32146066427230835
18295,0,0.4198639281094074
19874,0,0.20218194648623466
20154,0,0.28981390595436096
18993,0,0.12910154089331627
5782,0,0.15303177759051323
11641,0,0.1789313331246376
17464,0,0.5120960175991058
19670,0,0.36453432217240334
12758,0,0.2020127959549427
11980,0,0.36244427412748337
20205,0,0.1670444030314684
12912,0,0.26536402106285095
10065,0,0.1887199804186821
3306,0,0.5414911583065987
20272,0,0.3179497979581356
19759,0,0.18562117964029312
23891,0,0.19525461457669735
24507,0,0.12211803533136845
16565,0,0.49935875833034515
10714,0,0.13201324082911015
23252,0,0.19857625663280487
18507,0,0.14944353513419628
12899,0,0.5047604069113731
20802,0,0.19948306865990162
4796,0,0.232280395925045
3243,0,0.22157341241836548
21128,0,0.23416122794151306
15850,0,0.6014841720461845
21842,0,0.344024907797575
8826,0,0.34130173176527023
22119,0,0.14388874545693398
23902,0,0.19842848926782608
5327,0,0.4414510726928711
10905,0,0.16018329560756683
756,0,0.18895306810736656
20849,0,0.22609401121735573
5080,0,0.207973875105381
13288,0,0.12341314554214478
4483,0,0.2602945789694786
9374,0,0.18010856956243515
3025,0,0.13871296122670174
22528,0,0.2134551964700222
24869,0,0.3349783308804035
4851,0,0.13346553035080433
15275,0,0.39930838346481323
13160,0,0.1867716796696186
24820,0,0.2788110561668873
10185,0,0.20860226079821587
5528,0,0.1494305208325386
12696,0,0.19967805407941341
13009,0,0.4979386702179909
3425,0,0.17729072272777557
10505,0,0.37253133207559586
11888,1,0.4019121825695038
17642,0,0.48422012478113174
5138,1,0.40532136708498
16800,0,0.16180801577866077
17764,0,0.2931903712451458
1648,0,0.12704850919544697
8134,0,0.21903114020824432
10874,1,0.23097426444292068
19220,0,0.4773503243923187
17507,0,0.2183186523616314
17694,0,0.18347082287073135
8156,0,0.501605898141861
25148,0,0.14473386853933334
2157,0,0.49280939996242523
804,0,0.13427004218101501
15880,0,0.35123060643672943
19933,1,0.28387315943837166
20972,0,0.16275999322533607
739,0,0.3970630466938019
8904,0,0.17239168100059032
23548,0,0.511733390390873
8282,0,0.19086897373199463
7655,0,0.6044600158929825
6120,0,0.47625190019607544
6996,0,0.28338034823536873
23246,0,0.24080057069659233
15710,0,0.14740185998380184
22337,0,0.31668829545378685
18325,0,0.17983008921146393
2332,0,0.3386556915938854
12766,0,0.4459770396351814
1985,0,0.36264124512672424
18355,0,0.2631164379417896
3416,0,0.13339628838002682
9326,0,0.24953138828277588
20831,0,0.256705641746521
15430,1,0.14862162992358208
18896,0,0.32886700704693794
11049,0,0.4036284051835537
7128,0,0.24046362563967705
3735,0,0.2706755995750427
18794,1,0.3586229905486107
19577,0,0.3165225051343441
19767,0,0.1337886769324541
9842,0,0.28895724937319756
843,0,0.1990492083132267
11291,0,0.2533288896083832
6816,0,0.20790700614452362
6019,0,0.12641694955527782
3289,0,0.2523960843682289
21743,0,0.21797358058393002
10959,0,0.19726570323109627
8342,0,0.13368903659284115
6939,0,0.31956565007567406
21469,0,0.29531244561076164
11351,0,0.30736443027853966
13859,0,0.17802538350224495
4027,0,0.4673200249671936
2766,0,0.44388680905103683
13155,0,0.2513987794518471
22164,0,0.4216196611523628
23204,0,0.1338100377470255
3646,0,0.1347554512321949
9667,0,0.2540515549480915
21336,1,0.44099023938179016
6823,0,0.15076363645493984
24346,0,0.3765186220407486
11150,0,0.15508748963475227
6946,0,0.3054289408028126
4418,0,0.3702316880226135
3074,0,0.2204984501004219
21353,0,0.13013961724936962
1044,0,0.24905342608690262
12095,0,0.503826342523098
19115,0,0.5441134050488472
8892,0,0.20842455700039864
23287,0,0.19192488491535187
19285,0,0.17487197555601597
18471,0,0.21020880341529846
20050,0,0.22579684853553772
23515,0,0.458611398935318
5875,0,0.2834535054862499
20926,0,0.3966915011405945
19685,0,0.361828800290823
266,0,0.2380659393966198
3135,0,0.13250692933797836
23261,0,0.2586788274347782
16037,0,0.4362582117319107
11290,0,0.31310807541012764
16156,0,0.23452384397387505
17789,0,0.6108471676707268
20861,0,0.28672944009304047
21331,0,0.12815235368907452
6667,0,0.5527933463454247
17315,0,0.28217582777142525
4087,0,0.2784099727869034
10344,0,0.34245897829532623
19191,0,0.14787286147475243
4973,0,0.20344964042305946
420,0,0.2781720384955406
20229,0,0.20003758184611797
15759,0,0.21713778749108315
12079,0,0.16790928319096565
21679,0,0.15696396492421627
16583,0,0.1604029480367899
15311,1,0.4880574196577072
12577,0,0.1742647923529148
18930,0,0.6503391265869141
12589,0,0.23225481063127518
19216,0,0.2607506699860096
13685,0,0.14081890508532524
18987,0,0.227865282446146
6771,0,0.1434579323977232
4906,0,0.418364442884922
10412,0,0.15278310328722
17779,0,0.20754866302013397
6165,0,0.3664747551083565
9932,0,0.17858455516397953
13957,0,0.3424297980964184
14070,0,0.1946474425494671
21865,0,0.6341604515910149
24951,0,0.33531181514263153
6118,0,0.4020962342619896
1930,0,0.19556880556046963
2074,0,0.523267075419426
3056,0,0.16239848360419273
24905,0,0.27065227553248405
14410,0,0.26325541362166405
5122,0,0.18144430592656136
4550,0,0.4448736310005188
3038,1,0.15166853740811348
11104,0,0.2986814081668854
25144,0,0.22333847731351852
20466,0,0.6093712821602821
12531,0,0.1945660039782524
4220,1,0.2751404084265232
3693,0,0.13416512869298458
10545,0,0.2030297853052616
1496,0,0.4692321792244911
19494,0,0.43217504024505615
10215,0,0.21101360023021698
7076,0,0.38047583401203156
12086,0,0.29977573826909065
6478,0,0.4304121434688568
20005,0,0.3137889839708805
9480,0,0.3709930181503296
4514,0,0.20739787817001343
24598,0,0.3032219894230366
19982,0,0.22859738022089005
24410,0,0.193463034927845
7292,0,0.48462292551994324
20286,0,0.5330548584461212
8756,0,0.14373007975518703
18807,0,0.3663685843348503
24876,0,0.3616742342710495
1015,0,0.21326489746570587
9329,0,0.22058118134737015
11580,0,0.4196948856115341
4849,0,0.41753940284252167
321,0,0.4028442054986954
7050,0,0.37926972657442093
17302,0,0.17381582781672478
12218,0,0.1808975338935852
8745,0,0.31563443690538406
17423,0,0.15375182405114174
1425,0,0.2435183897614479
24807,0,0.2540814094245434
20521,0,0.15609824284911156
8059,0,0.32229065522551537
6765,0,0.4304881989955902
10464,0,0.3271133117377758
21589,0,0.17280674166977406
8818,0,0.19270468316972256
19519,0,0.15202072262763977
6170,0,0.4242198169231415
10641,0,0.3680097833275795
18291,0,0.5256511494517326
22597,0,0.3400404676795006
14109,0,0.1279167402535677
7606,0,0.5281793624162674
21458,0,0.39500418305397034
9470,0,0.1881120167672634
21103,0,0.517015740275383
6497,0,0.2450324408710003
23487,0,0.38960738480091095
6130,0,0.4263262525200844
9004,0,0.17401574924588203
5483,1,0.1984645090997219
7172,0,0.19187530502676964
22323,0,0.22532322630286217
24895,0,0.3468775898218155
12987,0,0.3826552703976631
475,0,0.2582016959786415
7453,0,0.3744352459907532
473,0,0.3864839896559715
11748,0,0.19209210202097893
9605,0,0.2390550896525383
11655,0,0.21834919229149818
15602,0,0.1465364284813404
24696,0,0.2994008995592594
4439,0,0.25497932732105255
8651,0,0.20821843296289444
10645,0,0.17631803080439568
23013,0,0.20258665271103382
21766,0,0.4095243960618973
7013,0,0.21526509523391724
16805,0,0.495364535599947
24505,0,0.5527937412261963
17020,0,0.15948827750980854
14160,0,0.1447753980755806
19202,0,0.21725554391741753
12133,0,0.23238972947001457
14678,0,0.39892905205488205
16408,0,0.36356890946626663
22500,0,0.16015169396996498
21836,0,0.4422736391425133
6868,0,0.4014662876725197
24530,0,0.15351003035902977
10188,0,0.47157449275255203
15497,0,0.39865631982684135
14334,0,0.5520762503147125
10084,0,0.19422949478030205
19381,0,0.6290124654769897
12479,0,0.2773911990225315
21512,0,0.14664717018604279
248,0,0.16019763983786106
22683,1,0.15232843905687332
24839,0,0.3210206925868988
8875,0,0.1414725836366415
6173,0,0.13175790011882782
16804,0,0.14584563672542572
12392,0,0.3485962934792042
24596,0,0.1562973205000162
7109,0,0.20453372597694397
21304,0,0.5968334227800369
1003,0,0.2178489714860916
23909,0,0.2492697313427925
5149,0,0.3378968834877014
5414,0,0.21958502009510994
16725,0,0.1637567151337862
13831,0,0.17568799294531345
4680,0,0.14360584691166878
19554,0,0.1684876400977373
14683,0,0.2932363823056221
4652,0,0.24568629637360573
8055,0,0.18306216411292553
8811,0,0.5616047382354736
20868,0,0.34029777720570564
13018,0,0.16612018086016178
2978,0,0.24514183402061462
20822,0,0.13944463804364204
22643,0,0.17218239977955818
23696,1,0.24359212815761566
4944,0,0.37809833139181137
16671,0,0.15202844142913818
2657,0,0.22802091389894485
4913,0,0.4493243843317032
10458,0,0.15470265597105026
17598,0,0.41307826712727547
21734,0,0.29691754281520844
21362,0,0.2412850335240364
22031,0,0.1922176294028759
2559,0,0.3812953159213066
20614,0,0.17906274273991585
12678,0,0.2669398598372936
5565,1,0.34648622199893
2143,0,0.20466168597340584
25062,0,0.33955463394522667
21792,0,0.26309601962566376
3298,0,0.14528625272214413
20556,0,0.4318448007106781
10569,0,0.32860641181468964
23128,0,0.1557235401123762
11990,0,0.3518102839589119
3124,0,0.36721621453762054
21772,0,0.15015485882759094
14510,0,0.4986172243952751
10967,0,0.1415361724793911
18270,0,0.3376101180911064
16581,0,0.21645351499319077
3469,0,0.1927935853600502
14079,0,0.3248668983578682
15789,0,0.31996697932481766
17139,0,0.12801887467503548
20667,0,0.44730353355407715
4384,0,0.1759659107774496
21956,0,0.3052663281559944
8157,0,0.12480216845870018
23677,0,0.3003266826272011
9382,0,0.13776135630905628
1058,0,0.6436506137251854
10256,0,0.5038030669093132
2254,0,0.13498421758413315
14922,0,0.12726798467338085
6966,0,0.25188253819942474
18254,0,0.20221403241157532
12637,0,0.35469141602516174
20275,0,0.3253908194601536
395,0,0.5330926924943924
5918,0,0.24637900292873383
12740,0,0.17122365534305573
9709,0,0.38612598180770874
20724,0,0.30563727393746376
15886,0,0.3041785880923271
20386,0,0.1294405274093151
2593,0,0.2257351465523243
15745,1,0.41436097770929337
1251,0,0.12595918029546738
2896,0,0.2140861228108406
8362,0,0.5181588232517242
22475,0,0.17645972967147827
10564,0,0.19150404632091522
16298,0,0.18402008339762688
7186,0,0.4199545904994011
13486,0,0.26884201169013977
19131,0,0.22562633082270622
5944,0,0.20064861699938774
15882,0,0.4200137108564377
20910,0,0.17077900283038616
5543,0,0.25361837074160576
10568,0,0.15339606814086437
12113,0,0.1346180234104395
15616,0,0.3640958219766617
10614,0,0.2738300636410713
20459,0,0.32714055478572845
18128,0,0.28727446869015694
18556,0,0.12245964258909225
5102,0,0.29482755810022354
24413,0,0.17715436778962612
13273,0,0.18051230534911156
19574,0,0.215592160820961
11576,0,0.637448325753212
15150,0,0.2212311066687107
2249,0,0.3467337302863598
17751,0,0.2453160509467125
6866,0,0.42866072803735733
6586,0,0.1452957633882761
13847,0,0.42236051708459854
1055,0,0.29329730570316315
14073,0,0.5240166485309601
23722,0,0.12235778570175171
9688,0,0.3590036742389202
17843,0,0.20078524574637413
15943,0,0.19599012657999992
16735,1,0.323626309633255
11397,0,0.13950738683342934
20191,0,0.39268908649683
17385,0,0.5616159811615944
12562,1,0.28166378289461136
4385,0,0.14935015328228474
22901,0,0.19734573364257812
24998,0,0.1682436838746071
6218,0,0.27937207370996475
25231,0,0.34669478610157967
14746,0,0.16285940073430538
9050,0,0.3556444123387337
15916,0,0.21967097744345665
2754,0,0.2865414470434189
21099,0,0.4635409787297249
19620,0,0.2812872901558876
11483,0,0.1715821847319603
23092,0,0.1526968665421009
5788,0,0.2268211431801319
15696,1,0.6500874012708664
23852,0,0.22113490849733353
1670,0,0.47763997316360474
22756,0,0.14069749973714352
4205,0,0.31909337639808655
9790,0,0.471165306866169
8243,0,0.16937437281012535
6055,0,0.19722848758101463
18250,0,0.22555004805326462
1224,0,0.6340828016400337
2910,0,0.13572221621870995
5226,0,0.1452527940273285
15062,0,0.211207564920187
21667,0,0.1882352363318205
13952,0,0.3048049211502075
18752,0,0.14824852906167507
8433,0,0.23237721621990204
4028,0,0.1559502836316824
3152,0,0.22771838679909706
1466,0,0.38066959381103516
1691,0,0.17153930477797985
10271,0,0.6511243060231209
14564,0,0.1526019312441349
4328,0,0.19640109315514565
13103,0,0.2425605207681656
2253,0,0.4998001381754875
6270,0,0.3056008778512478
12349,0,0.3134971037507057
15705,0,0.4656090810894966
2031,0,0.3739905580878258
10286,0,0.6612908095121384
11106,0,0.16528202407062054
23678,0,0.44087256491184235
6848,0,0.6987374871969223
23561,0,0.23177539557218552
16369,0,0.243037611246109
21978,0,0.2946733646094799
7103,0,0.33552150055766106
15343,1,0.4051549732685089
21006,0,0.2791018597781658
18831,0,0.1578422524034977
22249,0,0.39981257170438766
11264,0,0.17968511395156384
5720,0,0.4292459562420845
16361,0,0.5918616130948067
4795,0,0.27766871824860573
7132,0,0.2219802550971508
10886,1,0.5475796684622765
5806,0,0.2020670287311077
10541,0,0.5471442639827728
14606,0,0.16353792697191238
18523,0,0.40318911522626877
25123,0,0.3252306245267391
7674,0,0.5223039239645004
16698,0,0.2848319821059704
7432,0,0.18512199074029922
6828,0,0.34383921325206757
24835,0,0.18605555966496468
2135,0,0.18421541526913643
14154,0,0.3029874339699745
5731,0,0.4710500091314316
2901,0,0.14049792103469372
6177,0,0.16812949255108833
19826,0,0.28642671927809715
5446,0,0.3261903114616871
7553,0,0.4242621473968029
6155,1,0.3907964527606964
13693,0,0.4306214600801468
4376,0,0.16138811223208904
23343,0,0.21064715459942818
3239,0,0.16096565872430801
8834,0,0.34008491039276123
14957,0,0.23070574179291725
13910,0,0.38864849507808685
13525,0,0.4109012372791767
4378,0,0.16757186129689217
20055,0,0.531745433807373
13258,0,0.3382195755839348
4044,0,0.4269171208143234
12624,0,0.12389329075813293
10222,0,0.3340901657938957
18163,0,0.19748301804065704
14686,0,0.1399405486881733
13473,0,0.1267567090690136
21705,0,0.3141627721488476
4161,0,0.33988548815250397
12074,0,0.3077045865356922
21247,0,0.40433888882398605
14060,0,0.30667952448129654
14237,0,0.37001650780439377
18162,0,0.3478645868599415
10404,0,0.1836123950779438
12286,0,0.3292051739990711
4533,1,0.3430360332131386
2706,0,0.18127811700105667
7391,0,0.18760982155799866
24152,0,0.3807132840156555
7002,0,0.30713413283228874
17046,0,0.4519680216908455
